{"cameraMode":{"drawMode":0,"name":"Shaded","section":"Shading Mode"},"sceneLighting":false,"audioPlay":false,"sceneViewState":{"m_AlwaysRefresh":false,"showFog":false,"showSkybox":false,"showFlares":false,"showImageEffects":false,"showParticleSystems":false,"showVisualEffectGraphs":true,"m_FxEnabled":true},"in2DMode":false,"pivot":{"x":7.834511756896973,"y":0.011078192852437497,"z":77.83111572265625},"rotation":{"x":0.11704572290182114,"y":0.877293050289154,"z":-0.37797611951828005,"w":0.27166807651519778},"size":27.473953247070314,"orthographic":false}